,a,v(6),v(12),v(24),v(48),t,sv,sz,st,run,subj_idx
0,2.7009568976529836,0.6153599170854135,1.3058238185077502,1.735492702260825,2.1260005260510626,0.5296026883825247,0.16884798512554292,0.4952887431309012,0.00044377434793470115,0,205
1,2.6660159256056977,0.48675326233440563,0.7713895455447825,1.4919317738281466,2.1323788651325923,0.424734043378258,5.656387046550233e-12,0.00022510657101908882,0.1759460742560484,1,205
2,2.328851756905744,0.5136296444042113,1.4924886444240824,3.089488946122471,3.650798437961258,0.5197322183219826,1.1504300259462688,0.4830418120172213,1.6768666968760453e-05,0,208
3,2.318905737377895,0.47067216873549156,1.2955255284292722,2.0865756697898608,3.5024576660466287,0.5274583518271608,1.091175229460191,6.42001023578804e-05,0.14318171536374683,1,208
4,3.4206603754099683,1.7219743592848948,2.4626494803736363,3.1424862580086024,3.7909953311688014,0.39468452520837505,0.842647451850913,1.8398565817548302e-13,6.357366793561706e-05,0,217
5,2.5612689737559555,0.6418220753613005,2.2422577631017098,2.691490800506126,4.558172228190093,0.4928662033210704,1.066551349476364,0.0002179902352168266,0.25981845027208444,1,217
6,4.464633490123341,0.6991605646267922,1.4096725475827865,1.8599775267037033,1.8581755069680115,0.8296935740721233,1.9946096584512587,0.8749119737162784,0.00038100193803085097,0,240
7,2.8964457534916828,0.4574432775305874,1.494049198904629,1.836315336638182,1.8785527247535854,0.9604478443200408,2.13488039421586,0.2103580007533771,0.726593187951649,1,240
8,3.137970365291981,0.35877785273223256,1.6376262429146313,2.994722289299893,4.7622920740159005,0.5260624524467331,0.8327432453733462,7.092416963407965e-06,0.31624688723361893,0,241
9,3.997551662881895,2.2006893048290372,3.2513759938053823,6.304984848802184,8.194226197499953,0.6302031793054532,2.52486597295892,0.6294625019871013,0.35616292489138307,1,241
10,2.345945030827853,0.8728551626812765,1.6209054196574972,2.4127364366139172,2.2675770328253986,0.4040446881406248,0.9563974591395764,6.460741337358306e-05,0.00040553284664521873,0,247
11,2.806700213242111,1.3881240553390541,1.9794334053921274,3.569717035400799,3.534265002759685,0.38783253811647206,1.3895490794082968,4.564914984161166e-05,0.00039260621225523643,1,247
12,2.633020810491435,0.38791769873532617,1.101974835605452,2.499127558335335,3.8784279836858726,0.49282631121500936,1.3450319732053164,0.5189765132437322,0.00010755095602777463,0,274
13,2.552812678640585,1.9942285353512776,1.4542743515158683,4.19163195797809,4.613432718522377,0.5837446707235991,2.4117012961786006,0.9830451906324645,0.3811406933625936,1,274
14,3.950453941361756,1.0609529101365451,0.883695100610286,1.777907312713932,2.264161213857803,0.5944860459557173,0.7040482834406444,0.5780850368825541,0.0008857287220619127,0,280
15,3.023616952648283,0.29901391552099316,0.8163945097013847,0.9592103518984801,0.9663016088767779,0.5244949142896373,0.3128442304279631,0.0003862684291565765,0.00018687825973979342,1,280
16,2.428588829309042,0.29669746015611964,1.5570145570118188,3.3494445126471426,4.842389546358666,0.45922429377104285,0.9365022276874474,0.7026798763494259,0.14179943762381875,0,340
17,2.3901750487544935,0.8776793877356572,1.5278589438751768,2.4496188278784667,4.230985791657847,0.3519945428876256,0.910264004024572,0.17751345758932788,0.19467293456704918,1,340
18,4.137741460558573,0.44705734452089085,0.94172103620401,1.8692649557512457,2.7638010583059307,0.5855908057804039,0.7284885053986875,0.7756316851238275,0.0001009567825001694,0,365
19,4.139215888629581,0.5128472216216934,0.7764414289395876,1.7706280294819485,2.2731099665450127,0.32876097196448756,0.7985065845655372,2.3536004907283997e-06,0.00038936027857164015,1,365
20,3.3261010762135284,1.8208187866512577,2.4132603176170817,4.149081579140959,5.330485311960907,0.6903278727571219,2.963427485832726,0.9864179090894233,0.2136437314364209,0,366
21,1.9881157645176557,0.441451211371102,1.1084119259378484,1.4265287371031186,1.6574982763205748,0.5422391805558553,0.21444106017699546,0.0015451190912819759,0.14046847537151508,1,366
22,1.8633130059860241,0.13741166798354593,1.4651865598843374,1.9670490091598136,2.2658922917505153,0.3613834895397162,0.9413656446919292,5.953139923521325e-06,0.24463592122849975,0,375
23,1.77586836771075,0.20037747680870915,0.8439055353628029,2.0320298816831985,4.060419716631804,0.446845167226151,0.14399754174998358,0.512996396086517,0.41834151405293596,1,375
24,1.6201853902321928,1.2739848721524112,1.7233843067482628,3.078544640435033,4.578026156683304,0.38580744969077396,1.5765786642235313,0.3646494843738987,0.21851436184665857,0,509
25,1.5601128087754812,0.7742314560788588,1.6130340135550145,2.3513059363188353,4.281131577942538,0.37394372188269265,1.8747219195295606,0.4281692238108116,0.2634156229395102,1,509
26,1.8781012739482987,0.3146260691328438,0.8929354412443276,2.096735830061533,2.353593866700786,0.5730358597162211,0.6312418848749668,0.7207353856652017,0.4120718558233204,0,578
27,2.073938862018973,0.3985580636189447,0.7260507273790113,1.0510736225799955,1.5168653894461155,0.41698081642554136,1.1174527998875243e-13,0.14661234024025585,0.3541141515116854,1,578
28,4.297673646086648,-1.5950893621269655,0.44060861066488605,3.239735330891008,1.255039714172732,0.6531661689226407,7.932179727111491,0.9929299761513901,0.6219023934303604,0,618
29,1.9606129783186568,0.11859865104808646,0.18142227398832972,0.234261684478613,-0.28972294717294816,0.41245379785902175,0.680040310825303,0.019166554684827627,0.6096944720643169,1,618
30,2.998067596807334,1.034547042863177,0.3278512650592929,0.5337646488379123,1.1628600300307264,0.4348027982943931,1.0065528808379138,0.6222001462881779,0.7046534145907705,0,631
31,2.7382060649336633,-0.14078194341750527,1.0945306611099082,0.9485607702989447,1.086889337250851,0.322690886387637,0.25285856219744823,0.7235824531012938,0.00012324639067516185,1,631
32,4.383373269470843,0.6380341691993551,0.6909521967256086,2.429468237308356,1.0173833277877529,0.23405984094864413,8.519167182595179e-09,0.7788777813924335,0.24831760035297185,0,640
33,3.6913830917770523,0.49951069541894033,0.8039310228433977,0.85935436513792,2.2442577504089614,0.37261745034142973,0.06019038757852467,0.7881495180423943,0.19940478597659017,1,640
34,3.431504388615833,0.41042419880049147,0.38059921062800794,1.2170157276788292,1.439886131036072,0.32272879558096945,0.7440691309504642,0.6960702841539361,6.98415790557739e-11,0,642
35,2.5082388117001244,0.06879098225143035,0.5323651149564375,0.9028767729511918,1.275439559627482,0.5154273936433948,0.47691467422320283,0.7058962717043864,0.823455200023306,1,642
36,1.9296139192743538,-0.17185205727867167,0.814832936507266,1.2371366301191888,0.8401025829739343,0.5948488116737299,0.2982467861924729,0.9316211613827946,0.4849868469141611,0,702
37,1.8558754842968415,0.7046669241706167,0.9016082345634516,1.2412029159656375,0.9807923653125608,0.6512973260358753,0.5157239785510301,0.9123909308513457,0.5670412393896702,1,702
38,2.792372698283009,0.06881905377896382,0.41805528269549785,1.2889600798253025,0.5534749866765611,0.469524965571999,2.2435744555422317,0.0004302989135821011,0.7046955557316895,0,724
39,2.769143663886383,0.4650214222615171,0.03461649807936807,0.5398603972949586,0.6865002635578842,0.5462999835786381,2.165623626441049,0.228975554362683,0.8664578111873777,1,724
40,2.5885296796877304,-0.12132281223670952,1.3414727428598412,1.4030811482695782,1.2066037142177275,0.8424430608345883,1.0589467795190057,0.4090087527458782,1.2333706072027781,0,748
41,3.169525801345128,2.287135289110761,2.5190371506177254,5.595144556491405,2.7400887845583393,1.3400607386612273,4.266814956902654,0.9649617074618769,2.136982886173359,1,748
42,3.6982923229058193,0.7388851147818247,0.8781688663843923,1.7711415213431303,2.576284317103595,0.9467870867559878,0.26849143208255427,0.5989611652071115,2.680895866202309e-15,0,749
43,2.8865119372356443,0.6125947154533993,0.8170070145577034,2.107939647024155,2.8639446811576583,1.176952287513185,0.5663111985344149,0.0016240939971298813,1.2485070904474145,1,749
44,2.3157485603192827,0.48552188090990267,2.218969369170842,2.6396414413190796,3.196848660883242,0.7014814662997998,1.4190065345282061,0.7323640966342265,0.5521999327134594,0,754
45,2.0103002266113257,0.15386380229729404,0.29843955665710736,1.6280819317906698,2.8929913056519396,0.5620495465498692,1.3106290461585501,5.156079570400384e-08,0.2898364557360731,1,754
46,3.3350793837057657,0.3806343445289765,1.1656040015332851,1.6052299913399812,1.4592000754743528,0.890450077592169,2.1963822027750255,0.6723531676920902,1.6808837358795514,0,797
47,3.0784668747148616,0.9584007046943008,0.6296736783112882,0.3862997833213638,0.2664126031945341,0.5103078959233576,0.7586638159182272,0.530349199736792,0.2391980068996479,1,797
48,3.767052427860519,1.0030379492804984,0.8871544080339603,1.358284707661389,1.8139215109027953,0.5864316353235541,1.4219116956913072,0.8295847666820267,0.33145923527423327,0,830
49,3.93965022385192,0.5163221436483506,1.7406585633020564,1.844085225175881,2.886633676468522,0.46544886702183885,2.0418982339310285,0.02276443160645882,0.5702483660034298,1,830
50,1.9525290576044374,0.18010202612346676,0.3204197985031708,1.0613357509260297,1.2186195563489415,0.5159965801912199,6.095990881172661e-08,0.31287578099864644,0.8135946751183174,0,846
51,5.0954450136282565,0.8213030239887509,1.3970752861800442,7.295539945026922,6.173215105243983,0.5865395697585435,5.544446216153135,0.7928007114071439,0.6510786220523435,1,846
52,3.0887718209678745,-0.4368853061147528,0.5887788315867424,0.3311763132733537,0.8247751310781066,0.5411332895779857,1.8853214043054902,1.9089792821474132e-09,0.947423372827829,0,860
53,2.8015875012786275,0.2721205553568962,1.2220093651155253,3.125738611838031,3.5744918377233583,1.0162421489447637,2.8582619014586905,0.24900270818453396,1.5561694135188036,1,860
54,2.1563346948757767,1.7048616664976566,3.120088453992219,4.775590339149053,5.318096531756902,0.7498624614506635,1.486972280217227,1.653904403453866e-07,0.3990691151531524,0,862
55,2.4165395837488646,0.3251653732366023,1.5988717442210294,3.47663381318134,4.812187827613441,0.6214117313261645,1.1570314616687347,4.298615817365795e-06,0.5851502763352352,1,862
56,3.4845020610692483,0.6808513124181921,1.4500803005145575,2.460814795052571,2.9769605166558657,0.26732570960113916,0.9387681936639416,0.4730361677020306,0.22148957900820926,0,876
57,3.2593209326327908,0.25136776360003055,1.0440644156811578,2.4244327924511895,4.0800844255256585,0.2889793059084359,0.590231389307146,0.22310490727438614,0.000392595485143222,1,876
58,2.5799141537272474,-0.2865293677764896,1.0267881121293028,1.5401360340121724,2.009470093334925,0.5882570754680676,1.2472183285468643,0.4965676514761297,0.38894418264734276,0,888
59,3.171376754380372,0.047541659508705474,0.8933073368800237,1.4730228456562635,2.3753168781338045,0.5954094227264095,1.030663232544739,0.7861771712168872,0.5901835726556685,1,888
60,2.797984887368835,0.19276816782697878,0.713163053667944,2.7127235685838613,1.3826832525518737,1.088017145643334,1.3377507993050686,0.3274357093895927,1.280454833730217,0,897
61,3.0003552882789464,0.6617032452098915,1.568043812550511,2.864905227403806,3.3277161265799187,1.1643637768489699,1.99905792859298,0.6717532878602236,1.4161550809817633,1,897
62,2.4070852006167818,1.119390634504209,0.7256490494043584,2.0674981966918025,3.622355758542259,0.49145448883386783,1.1270219555722234,0.6286721543581021,6.487547019582268e-05,0,903
63,2.252205103947318,0.6226444205748526,0.6363968983845327,2.308085612071127,3.571540377229451,0.5354151453773501,0.43929110186932957,0.7838236507792012,0.3654438860106829,1,903
64,4.157869048496442,0.16493028544455915,0.9234515090012523,1.7188937583195387,2.731640603361294,0.5343640961173224,0.6974469796278838,0.6075630222214138,0.0006106902203318304,0,911
65,3.9242250178881006,0.09372970022349199,1.2359141067120976,1.915881151093774,3.1203950279827213,0.5266536280548989,0.7610531651090188,0.546760353451158,0.0003312095745045327,1,911
66,2.1880227640370133,0.8191834694640547,0.8076720906962189,1.8798773169279215,2.2418783117408254,0.3597351973626993,1.2111091839871184,0.11784366845321892,0.5055977535816893,0,917
67,2.416436467661406,0.33404522816160576,0.6921124023239391,1.9783674052530629,1.8309499705925478,0.42204864863109887,0.8019990025569358,0.4642085452331249,0.4970368120729841,1,917
68,2.5342238814043614,0.2607366067825696,0.5494361398219014,1.6328029689749202,3.4638317477250826,0.8693374772224485,1.2165908265417082,0.7149584946216333,0.9150850435098158,0,918
69,2.7396310345044195,0.2524266061482697,1.0709997908044337,2.09711973676441,2.2118816567849344,0.7139134765834033,0.9103525971529932,0.746572611389059,0.5383592006753615,1,918
70,3.483396542862939,0.8305852292639259,1.2712711383675592,1.2403370308580084,2.4617813038927276,0.4414008803662322,0.8054940020437854,0.8351671740986046,0.6437849234773823,0,920
71,2.782507695920659,0.774598798090308,0.8026341596261793,1.3375050522055039,1.871646735971867,0.6408177645302582,0.23631189902143668,0.982273246244076,0.8029643195453627,1,920
72,2.563135193936238,0.7641649235278347,1.2946758874501048,1.2682701099594302,1.3214862403947578,0.2194958505201878,3.0068335622295427e-12,0.7973255743554294,0.00014295921604575966,0,922
73,2.4460864187844638,0.580238774490332,0.8263615281696702,1.5079490053020332,1.6355211069377908,0.2929349632207484,0.3367132425240991,0.5734324656067714,0.39692114822077534,1,922
74,3.208164510910222,0.8981918667160071,0.8217424144360923,1.6008991432771964,1.9446553936166784,0.4534830218033509,0.7338081987991815,1.5655822228291434e-11,3.0906818697179215e-08,0,928
75,2.9371864676901756,0.8815470603742981,1.6997535451517822,2.9267844830861964,2.424177180855453,0.7229472793562285,1.4757873045298076,0.7698349330937542,0.7913342452383968,1,928
76,2.1942044552333426,0.03173866177537288,1.139536502780219,1.7077927548320286,2.9210419867356037,0.4174119574983878,0.9917352489641544,0.1280375029393105,0.5147392056799492,0,930
77,2.4188868140139665,0.8953779702737047,1.603942813189368,2.4406731499070444,7.16240895335654,0.5628246257643267,0.7916508946019403,0.7457988281724095,0.7999568885187893,1,930
78,2.588978762816037,0.5014245836370834,1.2545067849992735,1.8177093593572875,3.401860027528956,0.5219411421203415,2.130535019878019,0.12638094207254214,0.12587084725845576,0,931
79,2.6863992498589346,0.7599929860204526,1.7205593524656213,1.949620488406849,2.638292146798466,0.5853411426577826,1.6693251842971875,0.7036997209855744,0.46853142197931397,1,931
80,3.1840474210475667,0.19083728928681257,0.47159739417453717,1.9537479210159971,2.4487671760130607,0.24946988481758486,0.5181872406656007,1.4054574290530015e-11,0.00010533548812744076,0,933
81,2.6887059108332143,0.26549053207221607,0.7106273049068524,1.5523155608521395,2.4014219326609307,0.3733431200982406,0.3230784630943821,0.35217474314693104,1.0079822915803113e-10,1,933
82,3.6071937830711516,1.0802436754175637,1.3631319491022256,1.9724604477659406,2.076597934800969,0.06063430318283451,0.5520086972821836,1.3247748397757487e-09,8.836144686045088e-13,0,939
83,4.528762245318596,1.4157637897847042,1.5146568551828035,2.2395901224619448,2.936954645003821,0.06397147260871795,0.7363555242723022,0.24342220105077259,1.0491355569263185e-11,1,939
84,3.08198672580702,0.9701567482753684,2.5554754186538178,3.5873510332719434,4.038454844275433,0.47430723729149304,1.1752047410271218,0.00014784153909081792,0.1744068335824186,0,946
85,3.995946878079628,0.9002359409397882,2.026466988156361,4.087880768283341,3.9245769655201044,0.4115756758083643,1.7078561352883503,9.70337708509887e-06,0.00036963692320356043,1,946
86,3.188635327580328,0.6510695223412968,1.4037448748171764,2.2983479312806456,3.169657681010328,0.8266480841084706,0.8989191310723686,0.7809144754604795,0.5697783064924085,0,951
87,3.9420616371273307,1.3152701916450307,1.6323739502145245,2.703619516202569,3.87452669628279,0.9154993645129482,1.812870783070735,0.7282739794566206,0.5679101933029237,1,951
88,3.2040167583971155,0.44011743584892604,1.4163862219680587,1.660681187951717,1.7386792912694535,0.45578123325530395,0.5167878017515206,7.654833241550144e-07,0.3480940854658431,0,952
89,2.9822450725327507,0.4601100236289787,1.170727006458356,2.4833157894768116,2.9063694040988883,0.6872434529906731,0.7440114758442591,0.7460810387643205,0.00041820709422351243,1,952
90,2.769363621912084,0.36189499642885614,0.5610077707467807,1.9237373367205095,2.609229550951384,0.5610930029901728,0.8597089517510337,7.76461950354237e-05,0.29136690844568547,0,955
91,3.0678219954611943,0.351007965425586,0.6773079981406464,0.7703100508665386,1.3465432635134824,0.26069812381528956,0.6184300909694982,2.12921818920947e-08,1.300049089623975e-11,1,955
92,1.8074706093326498,0.6234782996901613,0.7818546826156144,1.0847386975246052,0.8157716689542163,0.390170105234088,0.933087025770966,0.9738523893678477,0.3670583631170429,0,958
93,1.9317366170803623,-0.6645256171887521,1.172820987101923,0.9247675304953982,1.4478309810945247,0.48133006088064306,1.297902261509087,0.7591735472064166,0.6449768760266817,1,958
94,3.1338188390687622,0.22925070390045596,0.7511625570457773,2.722551817864915,1.9354969345943653,0.7024848815799564,0.7255196723989249,0.8460006541944692,0.6826613792816365,0,961
95,3.279821152639439,0.8594932193263795,0.9787120803259682,3.1534211226456224,3.9260728654268298,0.8219648153790243,2.1213752547263636,0.8007459872939079,0.5600237825001968,1,961
96,3.288715322889659,0.4576616119873593,1.7933462099028195,1.3312242064067727,1.4783503048026232,0.3522408640721898,0.016174911621676755,3.166870653258429e-06,0.16543209223533453,0,969
97,3.1666285306149264,0.880095789499334,1.5104489165827575,2.876370918921502,2.447925385433803,0.5379281699581049,1.1966703944334471,8.10939754099224e-07,0.6570129586259679,1,969
98,2.618674644327785,0.6070195367975367,2.535126161032465,3.8012945215689906,3.8878542081348977,0.4869054782377999,1.2017172053721084,0.6799839210606283,8.39693522567815e-05,0,978
99,2.6866992067249074,1.0255800294385837,1.318286195443276,2.668994181902423,4.033977373988889,0.4524309950545493,1.4202312508823771,0.49787439746171186,0.23230583952897538,1,978
100,2.5833903214240315,0.9653248017758639,1.8023536633555206,3.7271395836329115,4.048686167730951,0.6117753673399893,1.1675676559866335,0.377211554284977,0.44306391812747775,0,980
101,2.6619091177538854,0.7121718491805153,2.5639663282929313,3.1770540209527383,3.0062212743124377,0.5869364918344593,1.3304868449725085,0.6385441994987991,0.131561837158,1,980
102,1.706475031653528,0.2647093279898083,1.1896367395673044,1.5103504114249136,3.730901695303449,0.519301225233801,0.6653986369384908,0.9849674650658601,0.36691345941109466,0,1001
103,1.7129123027814521,-0.5375762629312915,1.1003805430707816,2.118016146749989,1.396608443955708,0.5226407841543345,2.2152786844734194,0.6579930024100341,0.44959418407095536,1,1001
104,3.7499769168339228,0.47015896854825195,1.2149446208843429,2.0813766402513725,2.66101122377106,0.42572321905304866,1.8102595780808275,1.9718606900643768e-05,0.00010705182876211193,0,1018
105,3.5068446332638343,-0.3081479683120605,0.8345394902764612,2.2311948746930645,2.369404445498262,0.6710569554204144,1.2773793662154826,0.9378742840579698,0.00017662775244121424,1,1018
106,4.1764251320486725,0.025507108797830073,0.5376056768876573,1.362042121211691,2.1095987625900223,0.2229283460702747,1.1032463440144749,0.630068984605234,0.00020111499775025033,0,1019
107,2.8861482081037484,0.19131891834638953,0.5814823454316785,1.777484254983722,3.2178410410023854,0.4694087625607819,0.31705657754008715,0.8654025236339665,0.5292379734878546,1,1019
108,4.131280258200104,0.6720127598068438,1.2947417857916144,1.9318206852965139,2.672200937406084,0.3523527612019108,0.7883060961907574,1.9328039113140283e-11,0.0008932983388730301,0,1024
109,3.6651481676961226,1.6874783674865732,2.1616874501237744,2.1392375951818834,2.7630927178273943,0.6380614595168185,1.3482324308903608,0.627053996638875,0.38116708175564223,1,1024
110,3.743348847645123,0.9556638062422794,1.352613752927389,2.4487399028684065,1.8751913400404185,0.724424871251886,1.1768910505088537,0.6976994579761202,0.1986204598836277,0,1025
111,3.633571389685546,0.3206047343025837,0.5023731886714983,1.7226789904940825,2.0775551716886187,0.6601426250887874,0.9122311762039865,0.43915784790935153,0.3727808014871033,1,1025
112,1.9678544702674161,1.412230583930609,1.6398688234110839,3.052934919709142,2.971211536551067,0.5006143139432386,0.9865332405613516,0.17199002787355705,0.3552983349519172,0,1031
113,2.346171613628959,0.5199632666450162,1.3876849009013008,2.965087034666928,4.8865778568705895,0.3903807123960876,2.0175923526856514,1.5535582312743523e-10,0.0001950632621041663,1,1031
114,3.150715396987657,0.6498658137507055,1.0195318562108862,1.3600881720149498,1.2746191694565825,0.4443933315820899,0.6300697068358341,0.35778402953858374,6.918378046622265e-07,0,1041
115,2.7808203264180373,0.31908786915287174,0.9094130255394677,0.7523984450042361,1.197800494505195,0.4714322240678778,1.293955560903888e-08,0.532587167986815,0.3862342008776803,1,1041
116,2.025001705524925,0.20691025410287495,0.9529831382290562,0.7303251453974811,0.2659175365284386,0.6193161416339539,0.21641421792169255,0.4428649562261632,0.9706462583198482,0,1042
117,2.106249081570142,0.1442353840895685,0.45150624913012294,1.0422408120256725,0.5443333613426098,0.6522291832668009,0.0005791329494233314,0.5852319072734058,1.0790662289915276,1,1042
118,2.4382532416955773,0.09965524277972147,0.4600394220534679,0.3301852201085596,0.43447099789721877,0.06231929136625032,6.229380915691031e-09,0.14924699337079217,2.550592440575477e-13,0,1045
119,2.670098924700629,0.05419331136001324,0.4107204358258542,0.36136183049541054,0.4442650039606707,0.1350702452559243,3.9265659328743846e-08,0.454607828480039,1.1349298698904377e-13,1,1045
120,3.5819686402455897,0.9893057795833856,1.2223407990240112,2.3435907630060475,3.216084734680294,0.653529475287891,1.4139265704705863,0.9142339052975348,0.16291806286373106,0,1050
121,3.37887502615403,0.9801959725426449,1.1087668577969472,1.604080366479996,2.5614240433671234,0.5113035893296533,1.537000909211905,0.7854700974236337,0.36798654391283403,1,1050
122,3.3938833263613453,0.2628308195114751,0.8412980484069067,1.7948465645258422,2.389622101762986,0.5078881571774849,0.926918240066208,0.1802260681851116,0.042813123753800614,0,1054
123,3.5521838266966643,0.09912071806558469,0.8528680978431011,1.744305989723689,2.1363901643439736,0.46228022698558874,0.8214548923136088,0.014593823700110652,0.1424679612411087,1,1054
124,3.066664963002965,0.5469842855870837,1.3945587705665248,1.6636593736451077,2.049659046937946,0.4088172217202203,0.26686955293242753,3.475683012587016e-06,0.2986021302934333,0,1055
125,3.2112219972121374,0.9402881767369861,1.9541216042763572,2.526307379145162,2.486812497613013,0.5211613454348422,0.7487948441338803,0.4669100907090794,0.367134357131879,1,1055
126,2.8394170706057285,0.48339421352666967,0.8634005466512948,1.9337431293055962,2.455212245315611,0.3991925025044762,1.5506317795000426,0.7008944371379572,4.569249863593098e-05,0,1065
127,2.3876916610955514,0.1383701668651125,0.5119800210810264,1.4402947211381738,3.2833519300034433,0.4835995709167826,2.263041751733772,0.8035771331266824,0.44416291961518173,1,1065
128,2.4385687459206205,0.2568369170058825,1.046318766249945,1.3604293407107477,1.6661674018153754,0.5007691249750589,4.1223162895425293e-07,0.05084107915915943,0.17989445776624632,0,1077
129,2.972101222202818,0.48467298736430187,1.791900487840213,2.992334678128781,4.840457763718407,0.6830680938094649,0.7145361728870792,0.5004043776988676,0.48963805871130417,1,1077
130,3.6673728676374915,0.9994471148257484,0.91094259525664,2.23099947246119,2.9482845720674953,0.2834054027378001,1.1308336247543411,0.0002985440201159414,3.3606773072720116e-14,0,1078
131,3.2950475527937844,0.19509141565232896,1.4807587248414897,2.318796313861959,2.9461006662751803,0.41580508477231926,1.4892373423373388,4.705516761128144e-06,0.00012408715523788274,1,1078
132,3.1814372882669417,0.4931274906474356,0.737171035692996,1.9373604789311996,1.7847294881036775,0.2555522988240387,0.5282175324775539,0.7281618581968481,9.092166704429075e-05,0,1082
133,2.490946656896979,0.44549618814254155,0.7839291151827952,1.7214214604737825,1.146189578682997,0.43705545743019636,0.7951605006940008,0.7011417717769726,0.57405281079555,1,1082
134,3.3289993599895067,0.9033526207135264,1.8057070508048978,2.4432112149560936,3.784416474006207,0.231455563726748,0.7112241780919233,0.3378241721006085,0.05886340450675005,0,1086
135,3.5419586758202586,0.983469519253772,1.762756338471844,2.2699883564168855,3.2750991862404613,0.18367739099937777,1.0282522696575664,0.00014502915557540667,0.21239848185236393,1,1086
136,2.9960823221505626,0.5581038712383054,0.09328034584120758,0.7374556693454575,1.0380682481967696,0.4888618108914248,1.4008956824770278,0.17529739901188982,3.533427543089319e-06,0,1089
137,2.978052259355196,1.9333283395363112,0.9732274291990418,3.3446859761660828,1.4965899052323979,0.8956278157734445,2.9804262813158378,0.815523586817928,0.7958008929473381,1,1089
138,2.968975176903946,0.7717174847387552,1.7558865676271347,2.3694942855744183,3.517195959197247,0.7464628331268748,1.801749092604631,0.9932067576045338,0.4680277406020387,0,1098
139,2.3950777464869315,-0.01099306877683409,0.7599850205045721,1.7826190497558927,1.4027109624977863,0.6940295633980513,0.6226213882242635,0.7874430727279149,0.4223734999529685,1,1098
140,5.338764172105766,0.9873395651979391,1.8581411099374565,1.9273725871018499,2.1970366266167174,0.09065649277574914,0.9339202032271992,0.2685951853503401,3.8408294743652467e-13,0,1125
141,3.4122049436618855,0.5423227941392369,1.389457932575356,1.5174012251277458,2.0141440040200336,0.5234273707084772,1.0338699449052267,0.5154317020823173,0.41734117828225725,1,1125
142,3.002823192093407,0.8490268853943144,1.6883294767994546,3.445052551823236,2.28522724378165,0.3372593815668098,0.8697874133561444,0.5378097678536876,0.28651506601818505,0,1132
143,2.6106336519343722,0.7548094656495392,1.6522289820071088,2.8389172886870506,2.4792740793093353,0.3040050088568015,1.202796325207262,0.2909382774989791,1.9528555403744074e-11,1,1132
144,3.302435461216353,-0.15920480213688126,0.7852765707411351,1.536255765319453,1.9906805009182487,0.38959279932221963,1.2808233782690879,0.0005875327138509784,0.578947752125288,0,1133
145,2.672890688698786,0.2815948438908754,0.09144327517835725,-0.16626765321280212,2.0968710762472726,0.518836239165949,1.3023739878360245e-07,0.485834265896315,0.6111303687666259,1,1133
146,2.425144756812563,2.0179432970839355,1.6883808895906662,3.2663341467746148,4.497599856420757,0.526995046919488,2.312665502753637,0.3073163531372911,0.19282834039612168,0,1144
147,2.7159416534291845,1.3303248923235353,2.527731063073058,3.0377986621797537,4.882345665713038,0.5037726363326579,2.203101379216271,0.2959032922191857,0.18553465212233644,1,1144
148,2.823235888558071,0.49911170336502586,0.9227316182541682,0.9180361624959343,1.715543098513552,0.5789360123188624,1.291718216493119,0.6442851497435816,0.7647785921080443,0,1148
149,2.5930092935122033,0.4009588860657168,1.1080313200809566,1.3649318164317596,1.51749143568902,0.42491196397579933,0.8544436524506871,2.3206166730303942e-08,0.0005003993693467726,1,1148
150,3.396600137875363,0.9064873751568037,0.9735447304617484,0.8466280591789508,3.0309493512852517,0.43553800932677933,1.7288131277474785,6.761166223557161e-06,0.0007226330869775912,0,1151
151,4.327681242401131,0.16302719497810095,0.6337569952551076,2.3402464836720127,2.759037396377828,0.38708835654807916,1.8549430904213788,0.35360415355431385,0.005597587310241659,1,1151
152,1.8478251161974322,-0.10998343538872574,0.368318194481278,0.943594917564652,0.31087144433591984,0.2751252675854506,2.825232494004274e-12,0.8084105669739793,7.498157802288533e-05,0,1154
153,1.9766421359814401,0.285054341959603,0.3819230805742247,0.38792336203701067,0.4150698422246272,0.2786471563621744,5.071003282450983e-12,0.7282913301508811,0.00014717802695593342,1,1154
154,2.632407319832564,0.0794910921211201,-0.18862200687573744,0.5354964500763338,0.6039459702728328,0.3416725929478831,7.1462457468742e-10,0.5334756398838852,0.00020386867091526354,0,1159
155,2.5632082178505735,-0.1465406236028513,0.3648445709568851,0.40816127344405134,0.42358047469253673,0.32459121226753224,0.002586203368080602,0.5209037684959502,0.00019071179663555547,1,1159
156,3.362310197843244,0.24378733096322938,0.9507306894832724,1.7404298828708082,1.5672797643338559,0.36041643396556206,0.8560838789414048,1.5580551689488814e-09,0.21233698084637445,0,1160
157,3.176408195679387,0.6685046621318219,0.49258837322468396,1.1373722990954027,2.040622445249066,0.5371548545953593,0.29248436014465495,0.759407682473185,0.5459219800253745,1,1160
158,2.867453810787465,1.389420205732602,1.5899778221093714,2.165459802573652,3.0440382435017717,0.39425378912204423,1.373906805918281,1.108716640726851e-05,0.00044515805789894006,0,1170
159,2.816997943946496,1.02422332300574,1.0484912524579773,2.296010272271365,3.723130367053954,0.43349780793039194,0.688868733185899,0.43887708808985326,0.24641749772646537,1,1170
160,3.1581055895006784,0.16810255145015673,0.4781186240954346,1.5605598515858705,1.1866135438715475,0.8131252908964081,0.5861593910990527,0.7524727988354497,2.1655429699016276e-14,0,1182
161,4.451961898234827,0.8612437578325637,1.801543289474059,1.6930020274565305,2.4645366168820004,0.907045556518876,2.179264328225756,0.7781789502488219,0.7417529596518697,1,1182
162,2.8148663007478927,0.13941489111549735,1.6225263679725668,2.280478055333188,2.78908060646411,0.5362627655756108,2.0085723488625007,0.8000673525484286,0.04800788943380774,0,1187
163,2.3285467117562098,1.2773490275847814,0.9744567587753108,2.1943091474606513,4.165319926999598,0.5894597643439274,2.720838384955428,0.838532608508366,0.33718232778312623,1,1187
164,3.2344009463759993,0.4038730673326083,0.9391274590900416,1.134746114812282,1.5210839707164145,0.5497507713745068,0.5606461835638895,0.6047718780254691,0.32812057304756237,0,1192
165,3.5175154687130017,0.7313685510609823,0.5785868041457212,0.8987582624237807,0.9204995260447026,0.07927911523234123,0.00032442334174234125,0.0009997869473685188,1.5790434465828946e-11,1,1192
166,2.991013141017971,0.5086938630285698,0.9124625324201434,1.7704237865567891,2.773623482472868,0.4026523105481526,0.9858756698102806,0.5478654907932954,0.0010505392757007594,0,1193
167,3.239527641509834,0.5686667419066466,1.1394169536075849,1.775737656950191,2.543568606706921,0.43542682107476366,1.4975489979874912,0.6794515906830774,0.12350940541271849,1,1193
168,3.810943939227231,2.168687146004476,3.04822433435351,3.598940077828839,8.960859532051856,0.8600052051578794,3.7283901982087992,0.8483856734654355,0.6505349125663722,0,1227
169,2.3813142257211863,0.525563533938878,1.4231876036555744,2.4211077219638804,2.543019877369945,0.7570784984510256,0.7270771559970365,0.8307984475039969,0.3970312727421879,1,1227
170,2.5167492180929028,0.7437755092490141,1.8817469912241591,3.623931659729686,4.401351692801271,0.6069001327653998,2.4141701559005257,0.6897764355370593,0.36669047349911865,0,1245
171,1.7323991289804774,0.9053211290622574,0.9770158346363856,2.3209696460341225,2.0028579933999335,0.5884353361691069,1.0469030389403153,0.5548894479581439,0.1772906477226336,1,1245
172,4.397233603279772,0.39106371696226455,1.1204473379915516,1.0863475673758152,1.2705994977913007,0.22071421306178982,0.37653512607434664,0.00022557816475829957,0.0003926075890540245,0,1274
173,3.6733880682666253,0.5001046132448648,1.2057359339197833,2.405087379241883,2.0425075681684524,0.8340833024528969,0.5252776775801702,0.6409980872137243,0.5214624659765839,1,1274
174,2.854593240117894,1.1443646073396452,1.4835894118518136,3.1083704902654867,3.5610807758420355,0.7264778892370412,1.7310337918533774,0.0009479664355158433,0.7363405491570362,0,1344
175,2.8800198233292664,0.33688392131781725,0.6079403984814307,1.1761310851901619,1.7716925742584988,0.41100279803715417,0.9887026105984015,1.1565299015276876e-11,0.0003391161335603876,1,1344
176,1.683316078873035,1.569128934268598,2.4302160259732553,3.001412061653601,3.997371251867206,0.5419238101671178,2.6926737557524616,0.6504716147196175,0.2713311326207094,0,1351
177,1.5363126015073127,0.682176165036091,1.6620392237420376,4.518716331305709,5.924457807165682,0.5255243858346841,2.5636650053646854,0.24651117026162175,0.28043741159761615,1,1351
178,2.9430226079512445,-0.03970434271446065,-0.02138887193980025,0.20704033196957095,-0.02128671012215116,0.09669782575810354,7.683346228688984e-11,0.0001064484283284063,0.00048089082404561873,0,1381
179,2.7981422618666696,-0.07777328976653557,0.04288031446477005,0.2046445257558014,0.2866824531232144,0.2327971995065587,1.1718733339997234e-07,0.5646631008222747,6.028681630874998e-09,1,1381
180,2.7887091727618922,0.6603734089132791,1.2120272300954111,3.2714779971964028,4.987111105843844,0.40333737616440307,1.0524321759588988,0.0005362070359295831,0.2384990189950067,0,1424
181,2.953397882640422,0.03406339106855334,3.070369149518023,5.004803483762675,6.97198111857373,0.4631717525498338,2.3210229628697103,0.02684475903292557,0.33217065225009257,1,1424
182,3.347192243886503,0.9609806740536764,1.334115662325788,1.9236962499467773,2.1567512888192977,0.37572751862489967,1.6243930797357502,0.3747992274064852,0.32488281682141706,0,1441
183,4.462560725444704,2.137663790366973,1.595337315935305,5.131770224901143,4.824259131887898,0.5383842152595307,3.8524339060027266,0.6786834083518373,0.6146714880459448,1,1441
184,3.5397772160199583,0.676533197096161,1.7192038219567911,1.5739357173706423,2.74917282376672,0.6583114768308563,1.3101435755239255,0.667535003526535,0.7551822977986482,0,1455
185,2.7436918988140495,0.22806087073777467,0.6154361643538413,0.8497692126812217,1.0544833010514383,0.37346105043189515,0.5632639420717137,0.17878686072648275,0.6747697749161671,1,1455
186,2.885502298116935,1.6671451959378765,1.8390321036196193,2.8439111186994115,4.24629191641154,0.746219265670168,1.9033982769837097,3.4881010065419717e-06,0.7507367428031322,0,1474
187,3.0648766912393173,0.403217543152022,1.1296042496675742,1.2325265730408328,2.92358815260106,0.5584084344630957,1.2185542459288274,2.9243616817548868e-05,0.35790146317372695,1,1474
188,1.842143205742366,1.08569554887034,0.9463160097735436,2.5075031958804708,3.640325827433632,0.37735462998312447,0.9404606876183029,0.018418099102170533,0.0005638536649735739,0,1504
189,1.9808775199780078,1.2899202989722525,1.459089974218379,2.061645418181897,3.819193847966439,0.38381743783553063,0.8560471187254359,0.5769006983909712,0.00027471609117548545,1,1504
190,2.743409839044121,0.48723772960640466,1.7606684426229715,2.9122012429639392,3.024143077620784,0.5011605058224968,0.8161869961611142,0.5843544294993206,0.2583258142580292,0,1528
191,2.6661819803988935,0.27855896497803967,1.2678828520420216,2.1037325648123435,2.9304316055445083,0.45771811419111996,0.5404521439539731,0.4915526938624715,7.88945870748022e-05,1,1528
192,3.4417409683982667,2.265750584751615,2.5273466905000905,2.9180900653136566,3.766033391839173,0.4655058256660842,1.3043722471231913,7.981037875819923e-07,0.3316539044172582,0,1537
193,2.806323879287578,0.7146754971650688,2.2082848807051376,2.5030559590812045,2.9122573954249837,0.48013605129436454,1.3169816971006931,0.21637086036235612,0.21126050325694892,1,1537
194,2.785420363676226,1.1801591950628496,1.9698650314407131,2.3380599196319487,2.153589204048606,0.4216754191792311,0.846234267195453,4.903798728202017e-09,0.1638868916297091,0,1555
195,1.9865181327844206,0.4630638476246547,1.0698072726877907,1.3718523933517675,2.3161672525442993,0.48400681145493046,0.22931106328309764,0.0005790444951186716,0.21297478146938884,1,1555
196,3.171958399405208,0.6572844459918956,1.0817273161237644,2.0581199555533836,2.118942949579139,0.43249638598615997,0.9454044756047306,1.787683136816719e-11,5.587883936468406e-05,0,1557
197,2.1133679461389523,0.6127114475674649,1.6764252947843115,2.8119830551653036,3.7356814785702226,0.8455966255052172,1.7199981909417095,0.11695756336400114,0.5919061543572482,1,1557
198,3.633591294484021,1.4354286892041088,2.0351380074604037,3.4896302460573536,2.7399086298224917,0.6294909313895566,1.729238593035844,0.11774304767026814,0.5397069122132299,0,1561
199,2.9233501908481,0.22530202939851973,2.265008265810276,2.92164220186933,3.469361865578826,0.6549383120945179,1.356347434839598,0.004287475146025131,0.4879717320324262,1,1561
200,3.7126822921608538,1.085057782254946,3.3109261312260174,5.126772895379315,7.966198009767242,0.46880359439133673,2.3296692413638898,0.7508463571443624,5.240403541264622e-05,0,1574
201,2.9854878994457774,1.3437294956843273,2.1546817387276898,5.310517866446726,5.766819839554093,0.41953409638419586,1.5928655274284937,0.5646726925801827,0.0043773963943129,1,1574
202,2.2825593267798987,0.6910341741827544,0.7525903965595512,1.7341132231674545,1.7360151460850044,0.5513201604530158,8.463098695757806e-15,0.9786570546324326,0.21143379061152345,0,1589
203,2.3141652592308235,1.4440967044876498,2.980337272676979,3.319774242009133,2.8897053946433826,0.5049909618403532,2.0593225532291592,0.7636043596402247,0.11153122973960267,1,1589
204,3.13897435230904,0.4305064034937162,0.7138069270933417,1.1771520708985213,0.8516386374959535,0.4770287601642997,0.28772231185434016,0.0006247148291458212,0.0009237861858053399,0,1609
205,3.562521255828508,0.4407231348678225,0.772825187349274,1.266261819214198,1.2095526633393994,0.29427934727660876,0.2454679395814363,1.5182440834463485e-11,3.7993927323540575e-05,1,1609
206,2.5039109476965495,1.0214728416207877,1.8426980043124193,3.2367964456834106,5.465095025909355,0.6642631476727514,1.9213129202993422,0.2965975312600449,0.6931538838639331,0,1614
207,2.628121646379936,0.18179181626606902,0.7433631680620797,1.7908654824798165,2.3079314691156925,0.36688769990647135,0.8237171806857616,7.380368881668828e-09,0.19786554659342204,1,1614
208,5.375830244647957,3.5040044566995165,4.902894098707592,5.82522768234556,3.5484608051551483,0.5594896292234035,2.549346486822878,0.7889766655643637,0.6184092231958045,0,1618
209,3.573004867603321,0.26603569269900396,1.4052760657325833,2.643903708317347,2.989344363895662,0.4943781503030866,0.920833243600294,0.8716991149323878,0.09088211520977767,1,1618
210,2.0470900078082948,-0.17994878681767798,0.7048027125956945,0.8791917050119332,0.8584793630822215,0.23777052747861996,0.027628902451412467,0.7655935913412857,0.007956479059016416,0,1619
211,2.583201307898821,0.7818072016402874,0.5954702852688092,1.77166176952188,0.21643860165148415,0.12335330632963808,1.6152230817540745,1.1998107782099418e-10,0.00039260718196448873,1,1619
